folder,file,title,year,sport,novelty,practicality,reproducibility,composite,data,code,one_line
curated,"1971 Operations Research on Football - Carter, Virgil and Machol, Robert E..pdf",Operations Research on Football,1971,NFL,10,7,6,23,public,no,Seminal expected point values by field position from hand-charted NFL plays; foundation of all modern EPA work.
curated,2003 Colley Matrix Method.pdf,Colley's Bias Free College Football Ranking Method: The Colley Matrix Explained,2003,CFB,7,6,9,22,public,no,"Fully-derived linear-algebra win-loss ranking system, bias-free strength-of-schedule adjustment, used in the BCS."
curated,2005 Overconfidence vs Market Efficiency in the NFL.pdf,Overconfidence vs. Market Efficiency in the National Football League,2005,NFL,9,9,7,25,mixed,no,Massey-Thaler show top draft picks are systematically overvalued; basis of modern pick surplus-value charts.
curated,2007 A starting point for analyzing basketball statistics.pdf,A Starting Point for Analyzing Basketball Statistics,2007,NBA,6,8,9,23,public,no,"Canonical codification of possession framework, Four Factors, ratings and pace adjustment by Kubatko/Oliver/Pelton/Rosenbaum."
curated,2010 A_Regression_Based_Adjusted_Plus_Minus_Statistic for NHL - McDonald.pdf,A Regression-based Adjusted Plus-Minus Statistic for NHL Players,2010,NHL,7,7,8,22,public,no,"First adjusted plus-minus for hockey using NHL.com shift reports and weighted least squares, with offensive/defensive splits."
curated,2010 NBA Adjusted Plus Minus using Regularization.pdf,Improved NBA Adjusted +/- Using Regularization and Out-of-Sample Testing,2010,NBA,8,8,7,23,public,no,"Sill introduces ridge regression (RAPM) and out-of-sample validation to APM, the basis of modern impact metrics."
curated,2011 Adjusted Plus Minus Omidiran UC Berkeley.pdf,A New Look at Adjusted Plus/Minus for Basketball Analysis,2011,NBA,5,6,6,17,public,no,Recasts APM as penalized regression with cross-validated lambda and a fast solver; incremental over Sill's RAPM.
curated,2011 An_Improved_Adjusted_Plus_Minus_Statististic - McDonald.pdf,An Improved Adjusted Plus-Minus Statistic for NHL Players,2011,NHL,6,7,7,20,public,no,Extends NHL APM to power-play/shorthanded situations and zone-start adjustment using NHL.com shift reports.
curated,2011 Evaluating-Basketball-Player-Performance-via-Statistical-Network-Modeling.pdf,Evaluating Basketball Player Performance via Statistical Network Modeling,2011,NBA,7,5,6,18,public,no,Random-walk network centrality plus bootstrap significance on five-man-unit graphs to rate player importance.
curated,2011 Forecasting-Performance-of-International-Players-in-the-NBA.pdf,Forecasting Performance of International Players in the NBA,2011,NBA,5,6,5,16,mixed,no,Regressions linking international league statistics to NBA draft position and success for 140 foreign-born players.
curated,2011 Moral Hazard in Long Term Guaranteed Contracts - NBA.pdf,Moral Hazard in Long-Term Guaranteed Contracts: Theory and Evidence from the NBA,2011,NBA,5,5,7,17,public,no,"Fixed-effects evidence of a ~10% contract-year performance bump, with a principal-agent model explaining it."
curated,2011 Optimizing NBA Free Agency Choices.pdf,Optimizing an NBA Team's Approach to Free Agency using a Multiple-Choice Knapsack Model,2011,NBA,6,4,5,15,none,no,Frames free-agency timing/bidding as a dynamic multiple-choice knapsack problem under the salary cap.
curated,2011 Player Eval Techniques - NBA.pdf,A New Player Evaluation Technique for Players of the NBA,2011,NBA,7,7,6,20,public,no,Engelmann's finite-state-machine credit model outperforming RAPM in out-of-sample prediction; precursor to ESPN RPM.
curated,2011 The Price of Anarchy in Basketball.pdf,The Price of Anarchy in Basketball,2011,NBA,8,4,8,20,none,no,"Skinner's influential game-theoretic analogy: selfish shot selection vs global offensive optimum, with a basketball Braess paradox."
curated,2011 Using Cumulative Win Probabilities to Predict NCAA Performance - Bashuk.pdf,Using Cumulative Win Probabilities to Predict NCAA Basketball Performance,2011,NCAA MBB,5,6,7,18,public,yes,"Ranks teams by in-game cumulative win probability rather than final margin, beating ASM/RPI accuracy."
curated,2012 An_Expected_Goals_Model_for_Evaluating_NHL - McDonald.pdf,An Expected Goals Model for Evaluating NHL Teams and Players,2012,NHL,7,7,7,21,public,no,"Early expected-goals model beating Corsi/Fenwick predictively, fed into ridge-regression adjusted plus-minus."
curated,2012 Big 2s and 3s Best Players Complement Each Other.pdf,Big 2's and Big 3's: Analyzing How a Team's Best Players Complement Each Other,2012,NBA,5,5,6,16,public,no,K-means player archetypes plus regression to find which top-2/top-3 archetype combinations over- or under-perform.
curated,2012 CourtVision.pdf,CourtVision: New Visual and Spatial Analytics for the NBA,2012,NBA,8,7,7,22,public,no,Goldsberry's field-defining spatial shot-chart analytics quantifying shooting range and spatial scoring signatures.
curated,2012 Deconstructing the Rebound - Rajiv Maheswaran.pdf,Deconstructing the Rebound with Optical Tracking Data,2012,NBA,8,6,3,17,proprietary,no,"First large-scale SportVU tracking study of rebound physics: shot location, rebound height, and optimal positioning."
curated,2012 Effort vs Concentration Impact of Pressure NBA.pdf,Effort vs. Concentration: The Asymmetric Impact of Pressure on NBA Performance,2012,NBA,7,4,7,18,public,no,1.3M possessions show home players choke on clutch free throws but exert more offensive-rebounding effort under pressure.
curated,2012 Experience and Winning in the NBA.pdf,Experience and Winning in the National Basketball Association,2012,NBA,4,5,6,15,public,no,Panel econometrics on 804 team-seasons: coach playoff experience and teammate continuity aid postseason success; player experience doesn't.
curated,2012 Forecasting NBA Player Performance Douglas Hwang.pdf,Forecasting NBA Player Performance using a Weibull-Gamma Statistical Timing Model,2012,NBA,5,5,6,16,public,no,Applies marketing-style Weibull-Gamma timing models to project player scoring trajectories and aging for contract valuation.
curated,2012 NBA Chemistry Positive and Negative Synergies.pdf,NBA Chemistry: Positive and Negative Synergies in Basketball,2012,NBA,7,6,6,19,public,no,"Skills Plus-Minus framework simulates lineups from skill ratings, quantifying synergies and finding mutually beneficial trades."
curated,2012 Sports Data Mining Technology Used in Basketball Outcome Predicti.pdf,Sports Data Mining Technology Used in Basketball Outcome Prediction,2012,NBA,3,4,6,13,public,unknown,Masters dissertation applying standard data-mining classifiers to basketball game outcome prediction.
curated,2012 Sports Negotiations.pdf,A Systematic Approach to Sports Negotiations,2012,general,2,3,1,6,none,no,"Corporate slide deck on negotiation technique; no data, models, or quantitative analysis."
curated,2012 Using Computer Vision and Machine Learning to Automatically Classify NFL Game Film and Develop a Player Tracking System.pdf,Using Computer Vision and Machine Learning to Automatically Classify NFL Game Film and Develop a Player Tracking System,2018,NFL,7,7,4,18,mixed,no,"Computer vision on All-22 film auto-labels formations and extracts player tracking, circumventing teams' lack of league-wide NGS access."
curated,2013 Acceleration in the NBA Slides.pdf,Acceleration in the NBA: Towards an Algorithmic Taxonomy of Basketball Plays (slides),2013,NBA,4,3,2,9,proprietary,no,Slide deck companion to the acceleration/burst-clustering paper on SportVU tracking data.
curated,2013 Acceleration in the NBA Towards an Algorithmic Taxonomy of Basketball Plays.pdf,Acceleration in the NBA: Towards an Algorithmic Taxonomy of Basketball Plays,2013,NBA,6,4,3,13,proprietary,no,"First study of player acceleration bursts from optical tracking, clustering burst locations toward an algorithmic play taxonomy."
curated,"2013 Testing the Utility of the Pythagorean Expectation Formula on Division One CFB - Cary Caro, Ryan Machtmes.pdf",Testing the Utility of the Pythagorean Expectation Formula on Division One College Football,2013,CFB,3,5,8,16,public,no,Applies James's Pythagorean expectation and Morey's exponent to Division I college football 2005-2011 via residual analysis.
curated,2013 The Dwight Effect A New Ensemble of Interior Defense Analytics for the NBA.pdf,The Dwight Effect: A New Ensemble of Interior Defense Analytics for the NBA,2013,NBA,8,6,3,17,proprietary,no,Pioneering tracking-based interior defense metrics and 'spatial splits' quantifying rim protection value of big men.
curated,2013 To Crash or Not To Crash A quantitative look at the relationship between offensive rebounding and transition defense in the NBA.pdf,To Crash or Not To Crash: Offensive Rebounding vs. Transition Defense in the NBA,2013,NBA,7,7,3,17,proprietary,no,"Tracking-derived crash/retreat indices quantify the tradeoff between offensive rebounding and transition defense, informing coaching strategy."
curated,2013 To Crash or not to crash Slides.pdf,To Crash or Not To Crash: Offensive Rebounding vs. Transition Defense (slides),2013,basketball,6,6,2,14,proprietary,no,Slide deck for MIT SportVU study quantifying tradeoff between crashing offensive boards and getting back on defense.
curated,"2013 Using Zone Entry Data To Separate Offensive, Neutral, And Defensive Zone Performance.pdf","Using Zone Entry Data To Separate Offensive, Neutral, And Defensive Zone Performance",2013,hockey,8,8,5,21,mixed,no,Hand-tracked NHL zone entries show carry-ins double dump-in shot output and neutral zone drives shot differential; foundational hockey microstat work.
curated,2014 Automatically Recognizing On-Ball Screens.pdf,Automatically Recognizing On-Ball Screens,2014,basketball,7,6,3,16,proprietary,no,"Rule-based segmentation plus ML classifier detects pick-and-rolls in SportVU tracking with 82% sensitivity, 80% PPV."
curated,2014 Factorized Point Process Intensities - Spatial Analysis.pdf,Factorized Point Process Intensities: A Spatial Analysis of Professional Basketball,2014,basketball,8,6,6,20,public,no,LGCP plus NMF decomposition of NBA shot charts into interpretable spatial bases; landmark spatial basketball methodology.
curated,2014 From 5 to 13 Positions in Basketball Slides.pdf,From 5 to 13: Redefining the Positions in Basketball (slides),2012,basketball,7,4,2,13,public,no,Alagappan's topological data analysis talk clustering NBA players into 13 positions from box-score stats; famous but methodologically opaque.
curated,2014 Hot Hand Fallacy.pdf,"The Hot Hand: A New Approach to an Old ""Fallacy""",2014,basketball,8,5,3,16,proprietary,no,"Controls for shot difficulty with SportVU tracking; hot players take harder shots, and a small 1.2-2.4pp hot hand emerges."
curated,2014 Pointwise Predicting Points and Valuing Decisions.pdf,POINTWISE: Predicting Points and Valuing Decisions in Real Time with NBA Optical Tracking Data,2014,basketball,9,7,3,19,proprietary,no,"Introduces Expected Possession Value (EPV), assigning a point value to every moment and decision of an NBA possession; field-defining."
curated,2014 Pointwise Slides.pdf,POINTWISE: Predicting Points and Valuing Decisions (slides),2014,basketball,9,6,2,17,proprietary,no,"Slide deck for the EPV (expected possession value) framework by Cervone, D'Amour, Bornn, and Goldsberry."
curated,2014 Quantifying Shot Quality in the NBA - Second Spectrum.pdf,Quantifying Shot Quality in the NBA,2014,basketball,7,7,2,16,proprietary,no,Second Spectrum's ESQ/EFG+ framework separating shot quality from shot-making ability using SportVU tracking features.
curated,2014 The Three Dimensions of Rebounding.pdf,The Three Dimensions of Rebounding,2014,basketball,8,6,3,17,proprietary,no,"Decomposes rebounding into Positioning, Hustle, and Conversion using Voronoi tessellations over SportVU tracking; SSAC best-paper winner."
curated,2014 Three Dimensions of Rebounding.pdf,The Three Dimensions of Rebounding (duplicate copy),2014,basketball,8,6,3,17,proprietary,no,Duplicate of Maheswaran et al.'s Positioning/Hustle/Conversion rebounding decomposition from Second Spectrum.
curated,2014_Elivelton_FerreiraBueno.pdf,Mathematical Modeling and Optimization Approaches for Scheduling the Regular-Season Games of the National Hockey League,2014,hockey,5,4,5,14,public,no,PhD thesis applying integer programming and heuristics to construct NHL regular-season schedules under travel and rule constraints.
curated,2014_SSAC_The-Three-Dimensions-Of-Rebounding.pdf,The Three Dimensions of Rebounding (duplicate copy),2014,basketball,8,6,3,17,proprietary,no,"Third duplicate copy of the Second Spectrum rebounding decomposition paper (Positioning, Hustle, Conversion)."
curated,2015 Beyond runs expectancy - Jim Albert.pdf,Beyond runs expectancy,2015,baseball,6,6,7,19,public,unknown,"Extends Lindsey's run expectancy with multinomial/multilevel models capturing team, ballpark, pitcher, and clutch covariate effects."
curated,"2015 Bias in the log5 estimation of outcome of batter-pitcher matchups, and an alternative - Leslie C. Morey and Mark A. Cohen.pdf","Bias in the log5 estimation of outcome of batter/pitcher matchups, and an alternative",2015,baseball,5,6,8,19,public,no,Monte Carlo and 18 MLB seasons show log5 overestimates rare-event matchup outcomes; proposes closed-form Morey-Z alternative.
curated,"2015 College deviance and the effects on NFL amateur draft selection - Analyzing the Personal Conduct Policy - Michael Palmera, Quinlan Duhanb and Brian P. Soebbing.pdf",College deviance and the effects on NFL amateur draft selection: Analyzing the Personal Conduct Policy,2015,football,4,4,5,13,mixed,no,"Regression of 1999-2013 draft positions on final-year college misconduct, testing whether Goodell's 2007 conduct policy changed team behavior."
curated,2015 Counterpoints Advanced Defensive Metrics NBA.pdf,Counterpoints: Advanced Defensive Metrics for NBA Basketball,2015,basketball,8,6,3,17,proprietary,no,"Estimates who-is-guarding-whom every moment from tracking data, yielding counterpoints, volume/disruption scores, and defensive shot charts."
curated,2015 Graphical Model for Baskeball Match Simulation.pdf,Graphical Model for Basketball Match Simulation,2015,basketball,7,6,5,18,public,no,"Player-identity-aware probabilistic graphical model simulating possessions touch-by-touch, capturing lineup-dependent ball movement dynamics."
curated,2015 Graphical Model for Basketball Match Simulation.pdf,Graphical Model for Basketball Match Simulation (duplicate copy),2015,basketball,7,6,5,18,public,no,"Duplicate of Oh, Keshri, and Iyengar's lineup-aware possession-level basketball match simulator."
curated,2015 Modeling NBA Game Outcomes - Univ of Cologne.pdf,Modeling and forecasting the outcomes of NBA basketball games,2015,basketball,5,5,7,17,public,no,"Extends paired-comparison score models with heteroscedasticity, structural breaks, and dynamic state-space team strengths; combining with betting odds helps."
curated,2015 No referee bias in the NBA - New evidence with leagues' assessment data - Christian Deutscher.pdf,No referee bias in the NBA: New evidence with leagues' assessment data,2015,basketball,6,4,7,17,public,no,"First use of NBA Last Two Minute report call-by-call assessments; finds no home, superstar, or underdog bias in foul calling."
curated,2015 Predicting Sports Scoring Dynamics UC Boulder.pdf,Predicting sports scoring dynamics with restoration and anti-persistence,2015,multi-sport,7,5,4,16,proprietary,no,"Generative within-game scoring models with lead-restoration and anti-persistence predict next scorer and winner across NFL, CFB, NHL, NBA."
curated,2016 A Scalable Framework for NBA Player and Team Comparisons Using Player Tracking Data - Scott Bruce.pdf,A Scalable Framework for NBA Player and Team Comparisons Using Player Tracking Data,2016,basketball,4,6,7,17,public,no,PCA on public NBA.com tracking-derived stats yields four components and a Statistical Diversity Index for player/team similarity comparisons.
curated,"2016 An easily implemented and accurate model for predicting NCAA tournament at-large bids - B. Jay Colemana, J. Michael DuMond and Allen K. Lynch.pdf",An easily implemented and accurate model for predicting NCAA tournament at-large bids,2016,basketball,5,7,8,20,public,no,"Eight-factor probit on RPI-based resume metrics predicts NCAA at-large selections, hitting 68 of 72 out-of-sample bids for 2014-15."
curated,"2016 An improvement to the baseball statistic ""Pythagorean Wins"" - Jay Heumann.pdf","An improvement to the baseball statistic ""Pythagorean Wins""",2016,baseball,4,4,9,17,public,no,Pairwise (opponent-by-opponent) Pythagorean formulation fixes an expectation inconsistency and modestly lowers RMSE over 60 season-league samples.
curated,2016 Applying Deep Learning to Basketball Trajectories.pdf,Applying Deep Learning to Basketball Trajectories,2016,basketball,6,4,7,17,public,yes,"LSTM sequence models on 20,000 publicly-dumped SportVU three-point trajectories outperform feature-engineered GBM at predicting makes."
curated,2016 Complementary Skills NBA.pdf,Accounting for Complementary Skill Sets When Evaluating NBA Players' Values to a Specific Team,2016,basketball,7,6,5,18,public,no,"Structural possession event-tree model quantifies teammate complementarities, lineup-specific player value, and shows salaries ignore spillovers."
curated,2016 Find the Open Receiver QB Decision Making.pdf,Finding the Open Receiver: A Quantitative Geospatial Analysis of Quarterback Decision-Making,2016,football,6,5,3,14,proprietary,no,Predictive Voronoi tessellations over video-charted Colts pass plays quantify receiver openness and grade QB decision-making.
curated,2016 Meta-Analytics -- Tools for Understanding the Statistical Propertis of Sports Metrics.pdf,Meta-Analytics: Tools for Understanding the Statistical Properties of Sports Metrics,2016,multi-sport,7,7,7,21,public,no,"Proposes meta-metrics — stability, discrimination, independence — to evaluate which NBA/NHL player metrics carry reliable, unique signal."
curated,2016 Meta-Analytics.pdf,Meta-Analytics: Tools for Understanding the Statistical Properties of Sports Metrics (duplicate copy),2016,multi-sport,7,7,7,21,public,no,"Duplicate of Franks, D'Amour, Cervone, and Bornn's meta-metrics framework for assessing sports metrics."
curated,2016 NBA Court Realty.pdf,NBA Court Realty,2016,basketball,7,5,3,15,proprietary,no,"Treats court space as a real-estate market, inferring cell values from pass 'transactions' in weighted-Voronoi ownership of SportVU data."
curated,2016 NBA Offensive Plays using Neural Networks.pdf,Classifying NBA Offensive Plays Using Neural Networks,2016,basketball,7,6,3,16,proprietary,no,"Deep/recurrent neural networks classify NBA offensive playcalls from SportVU tracking, with season-to-season transfer tests."
curated,2016 Preventing in-game Injuries NBA.pdf,Preventing In-game Injuries for NBA Players,2016,basketball,6,7,5,18,mixed,no,"Random forest on sliding-window workload, schedule, and SportVU-derived stats predicts weekly NBA injury risk to guide rest decisions."
curated,2016 Rajiv Shah Deep Learning Bball Trajectory UIUC .pdf,Applying Deep Learning to Basketball Trajectories,2016,basketball,6,4,7,17,public,yes,LSTM/MDN sequence model on 20k public SportVU ball trajectories beats feature-engineered GBM at predicting three-point makes.
curated,2016 Recognizing and Analyzing Ball Screen Defense NBA.pdf,Recognizing and Analyzing Ball Screen Defense in the NBA,2016,basketball,7,7,2,16,proprietary,no,"Supervised classifier labels 270k NBA ball screens as over/under/trap/switch from SportVU, enabling team and player defensive-scheme analysis."
curated,2016 Recognizing and Analyzing Ball Screen Defense in the NBA.pdf,Recognizing and Analyzing Ball Screen Defense in the NBA,2016,basketball,7,7,2,16,proprietary,no,"Duplicate of idx 65: SportVU-based classification of pick-and-roll defensive schemes across 270,823 screens."
curated,2016 Scorekeeper Bias Basketball Nick Van Exel.pdf,The Van Exel Effect: Adjusting for Scorekeeper Bias in NBA Box Scores,2016,basketball,7,6,5,18,mixed,no,"Quantifies home-scorekeeper bias in NBA assists and blocks and produces adjusted totals, with daily-fantasy implications."
curated,2016 Sports Ratings models slides - David Aldous.pdf,Sports Rating Models (Lecture 3 slides),2016,general,3,4,5,12,public,no,"Teaching slides surveying Elo-style and probabilistic rating models for two-competitor sports; pedagogical, not original research."
curated,2016 Statistical methods in sports with a focus on win probability and.pdf,Statistical Methods in Sports with a Focus on Win Probability and Performance Evaluation,2016,football,7,8,7,22,public,unknown,Lock's dissertation including the influential Lock-Nettleton random-forest NFL win probability model and performance-evaluation methods.
curated,2016 Stochastic Process Model Basketball.pdf,A Multiresolution Stochastic Process Model for Predicting Basketball Possession Outcomes (EPV),2016,basketball,9,7,5,21,proprietary,yes,Field-defining Expected Possession Value framework: multiresolution stochastic process on optical tracking valuing every instant of an NBA possession.
curated,2016 The Shrinkage of the Pythagorean exponents - John Chen and Tengfei Li.pdf,The Shrinkage of the Pythagorean Exponents,2016,basketball,4,5,8,17,public,no,Shows the optimal NBA Pythagorean exponent shrinks substantially when used for in-season prediction rather than in-sample fit.
curated,2016 spatio temporal analysis for team sports.pdf,Spatio-Temporal Analysis of Team Sports - A Survey,2016,multi-sport,4,5,7,16,none,no,Comprehensive survey categorizing research using spatio-temporal tracking data in invasion sports and identifying open problems.
curated,2017 - International Journal of Computer Science in Sport A Logistic Regression_Markov Chain Model for American College Football.pdf,A Logistic Regression/Markov Chain Model for American College Football,2017,college football,5,6,7,18,public,no,"Extends the LRMC basketball ranking model to college football via common-opponent margins, competitive with top composite rankings."
curated,2017 AI for Fixing Play by Play Substitutions.pdf,Using AI to Correct Play-by-play Substitution Errors,2017,basketball,5,7,6,18,public,no,"Rule/inference agent cleans erroneous substitution logs in 6000+ Canadian U Sports games so lineup metrics (APM, WOWY) become usable."
curated,2017 Bhostgusters - Realtime Interactive Play Sketching with Synthesized NBA Defenses.pdf,Bhostgusters: Realtime Interactive Play Sketching with Synthesized NBA Defenses,2018,basketball,7,6,2,15,proprietary,no,Tablet whiteboard app converts sketched plays to synthetic tracking and uses deep imitation-learned ghosts to show likely NBA defensive responses.
curated,2017 Body Shots - Analyzing Shooting Styles in the NBA using Body-Pose Attributes.pdf,Body Shots: Analyzing Shooting Styles in the NBA using Body-Pose Attributes,2017,basketball,7,5,2,14,proprietary,no,"First body-pose-attribute analysis of NBA three-point shooting form from broadcast video, including a Steph Curry case study."
curated,2017 Data Driven Ghosting.pdf,Data-Driven Ghosting using Deep Imitation Learning,2017,soccer,8,6,2,16,proprietary,no,Deep imitation learning automatically generates league-average and team-specific defensive 'ghosts' from soccer tracking data; highly influential.
curated,2017 Football Route Identification.pdf,American Football Route Identification Using Supervised Machine Learning,2017,football,6,6,4,16,proprietary,no,"Supervised classification of receiver routes from hand-digitized All-22 coordinates of 2014 Colts plays, prefiguring later tracking-based route work."
curated,2017 High-resolution shot capture reveals systematic biases and an improved method for shooter evaluation.pdf,High-resolution Shot Capture Reveals Systematic Biases and an Improved Method for Shooter Evaluation,2018,basketball,7,7,2,16,proprietary,no,22M Noahlytics rim-entry captures reveal systematic left-right/depth shooting biases and train a 25-shot ML shooter-skill ranker.
curated,2017 Hockey Passing Defensive Ability.pdf,Evaluating Defensive Ability in Hockey Using Passing Data,2017,hockey,6,6,5,17,mixed,no,Volunteer-tracked pass sequences on 565 NHL games yield defensive passing metrics more repeatable and predictive than shot-based measures.
curated,2017 LinNet - Probabilistic Lineup Evaluation Through Network Embedding.pdf,LinNet: Probabilistic Lineup Evaluation Through Network Embedding,2017,basketball,6,5,6,17,public,unknown,node2vec embedding of an NBA lineup-matchup network predicts lineup-vs-lineup outcomes at 67% accuracy with well-calibrated probabilities.
curated,2017 PageRank Model for Player Performance Assessment.pdf,"A PageRank Model for Player Performance Assessment in Basketball, Soccer and Hockey",2017,multi-sport,5,4,5,14,mixed,no,"Game-level PageRank over pass/turnover networks rates individual playmaking across both teams, illustrated on nine NBA games."
curated,2017 Position importance in NCAA football - Zachary Knowlton and Gilbert W. Fellingham.pdf,Position Importance in NCAA Football,2017,college football,5,5,3,13,proprietary,no,"Bayesian hierarchical model links BYU coaches' per-play player grades to expected points, ranking player and position importance."
curated,2017 Possession Sketches - Mapping NBA Strategies.pdf,Possession Sketches: Mapping NBA Strategies,2017,basketball,8,6,3,17,proprietary,no,LDA-style topic model over a learned dictionary of movement 'actions' organizes 190k NBA possessions by offensive structure for searchable scouting.
curated,2017 Possession Sketches Mapping NBA Strategies.pdf,"Possession Sketches: Mapping NBA Strategies (Miller & Bornn, named version)",2017,basketball,8,6,3,17,proprietary,no,Duplicate of idx 84: hierarchical action-template/topic model mapping NBA offensive strategy from tracking data.
curated,2017 Shooting Styles Body Shots - SportVu.pdf,Body Shots: Analyzing Shooting Styles in the NBA using Body Pose (Felsen & Lucey),2017,basketball,7,5,2,14,proprietary,no,"Duplicate (named version) of idx 76: 17 pose attributes on 1500 labeled three-pointers, with chi-squared make/miss analysis and Curry study."
curated,2017 Shrinkage estimation of NFL field goal success probabilities - Jason A. Osborne and Richard A. Levine.pdf,Shrinkage Estimation of NFL Field Goal Success Probabilities,2017,football,5,6,7,18,public,no,"GLM with complementary log-log link plus shrinkage toward league-average yields lower-variance kicker ratings and stadium effects, 1998-2014."
curated,2017 Sports Science Youth Appeal John Drazan.pdf,From Sports to Science: Using Basketball Analytics to Broaden the Appeal of Math and Science Among Youth,2017,basketball,4,3,4,11,proprietary,no,STEM-outreach study showing basketball-analytics clinics raise underrepresented youths' self-perceived STEM knowledge and interest.
curated,2017 Steph Curry Shot Attribute Analysis.pdf,Body Shots: Analyzing Shooting Styles in the NBA using Body Pose (duplicate copy),2017,basketball,7,5,2,14,proprietary,no,Third copy of the Felsen & Lucey Body Shots paper (idx 76/86): pose-attribute shooting-style analysis with Curry case study.
curated,2017 Understanding and Increasing 3 point Shooting.pdf,A Data-Driven Method for Understanding and Increasing 3-point Shooting Percentage,2017,basketball,6,7,2,15,proprietary,no,"1.1M Noah-tracked three-pointers identify six flight factors, a guaranteed-make rim zone, and player-specific actionable training prescriptions."
curated,"2018 A Markov chain analysis of NFL overtime rules - Renee Martin, Logan Timmons and Megan Powell.pdf",A Markov Chain Analysis of NFL Overtime Rules,2018,football,4,5,8,17,public,no,"Markov chains compare sudden-death, modified, 10-minute, and both-teams-possess NFL overtime formats for first-possession win probability and tie rates."
curated,"2018 A flight-based metric for evaluating NFL punters - R. Drew Pasteur, Emily Howerton, Preston Pozderac, Stuart Young and Jonathan Moore.pdf",A Flight-based Metric for Evaluating NFL Punters,2018,football,6,6,5,17,mixed,no,"Nonlinear EPA model for punter evaluation incorporating field position, hang time, coverage, and environment, isolating punter skill from context."
curated,2018 Asset Pricing and Sports Betting - Tobias Moskowitz.pdf,Asset Pricing and Sports Betting,2018,multi (betting),8,6,4,18,proprietary,no,"Uses 100k+ betting contracts across four sports to test momentum/value anomalies, finding overreaction that also predicts equity returns."
curated,2018 Evaluating NFL plays - Expected points adjusted for Schedule.pdf,Evaluating NFL plays: Expected points adjusted for schedule,2018,NFL,6,7,5,18,mixed,no,"Optimization framework adjusts expected-points play values for opponent offensive/defensive strength, enabling personnel and special-teams evaluation."
curated,2018 High Resolution Shot Capture - Systematic Biases.pdf,High-resolution shot capture reveals systematic biases and an improved method for shooter evaluation,2018,NBA/basketball,7,7,2,16,proprietary,no,Uses 22M Noahlytics high-resolution shots to expose entry-angle/depth biases and train an ML shooter-skill predictor from 25-shot sessions.
curated,2018 Interactive Play Sketching with Synthesized NBA Defenses.pdf,Bhostgusters: Realtime Interactive Play Sketching with Synthesized NBA Defenses,2018,NBA,7,7,2,16,proprietary,no,Generative model synthesizes realistic NBA defensive movement from sketched offensive plays for interactive coaching and scouting.
curated,2018 Modeling the NCAA basketball tournament selection process using a decision tree - Shouvik Dutta and Sheldon H. Jacobson.pdf,Modeling the NCAA basketball tournament selection process using a decision tree,2018,NCAA basketball,4,5,6,15,public,no,"Builds a decision tree to mimic the NCAA selection committee's at-large bids, correctly picking all but one team per year 2012-2016."
curated,2018 Predictive Analytics for University of Virginia Football Recruiting.pdf,Predictive Analytics for University of Virginia Football Recruiting,2018,college football,4,6,3,13,proprietary,no,Systems-analysis and predictive model to improve UVA's football recruiting pipeline and staff decision-making.
curated,2018 Ranking regular seasons in the NBA’s Modern Era using grey relational analysis - Sean Pradhan.pdf,Ranking regular seasons in the NBA's Modern Era using grey relational analysis,2018,NBA,5,3,6,14,public,no,"Applies grey relational analysis to rank 100 NBA Modern-Era regular seasons, topped by Curry's 2015-16 MVP campaign."
curated,2018 Simulating_a_Basketball_Game_with_HDP-Based_Models_and_Forecasting_the_Outcome.pdf,Simulating a basketball game with HDP-based models and forecasting the outcome,2018,basketball,5,4,4,13,unknown,no,"Uses hierarchical Dirichlet process HMMs to simulate basketball possessions and forecast game outcomes, beating logit/NB/NN baselines."
curated,"2018 State of the Art of Sports Data Visualization - Perin, et al.pdf",State of the Art of Sports Data Visualization,2018,multi,4,5,5,14,none,no,"Survey categorizing sports data visualization research across sports, data types, and tasks, providing a reference taxonomy for viz designers."
curated,2018 Three point shooting and efficient mixed strategies - A portfolio management approach - Mark Fichman and John O’Brien.pdf,Three point shooting and efficient mixed strategies: A portfolio management approach,2018,NBA,6,6,6,18,public,no,"Applies mean-variance portfolio theory to identify efficient 2pt/3pt shot mixes for NBA teams, linking shot-type efficiency to winning."
curated,"2018 nflWAR_ a reproducible method for offensive player evaluation in football,  Journal of Quantitative Analysis in Sports.pdf",nflWAR: a reproducible method for offensive player evaluation in football,2019,NFL,8,8,9,25,public,yes,Introduces nflscrapR plus EP/WP and multilevel WAR framework for reproducible open-source NFL offensive player evaluation.
curated,"2019 A Bayesian Joint Model for Spatial Point Processes with Application to Basketball Shot Chart - Jiao, Hu, et al.pdf",A Bayesian Joint Model for Spatial Point Processes with Application to Basketball Shot Chart,2019,NBA,6,4,6,16,public,unknown,Bayesian marked spatial point process jointly models shot intensity and make-probability with spike-slab variable selection on NBA shot charts.
curated,"2019 A Naive Bayes Approach for NFL Passing Evaluation from Tracking Data Extracted from Images - Sarah Mallepalle, Ron Yurko, Kostas Pelechrinis, Sam Ventura.pdf",A Naive Bayes Approach for NFL Passing Evaluation using Tracking Data Extracted from Images,2019,NFL,7,6,6,19,public,yes,"Extracts pass locations from public NGS chart images, then GAM/Naive Bayes models completion-percentage surfaces for QBs and defenses."
curated,2019 Analytics for the Front Office - Valuing Protections on NBA Draft Picks.pdf,Analytics for the Front Office: Valuing Protections on NBA Draft Picks,2019,NBA,6,8,5,19,public,no,"Framework to value protection clauses on traded NBA draft picks, quantifying how conditions alter pick-asset worth for front offices."
curated,"2019 Analyzing National Football League is Challenging, but player tracking data is here to help - Lopez.pdf","Analyzing the National Football League is challenging, but player tracking data is here to help",2019,NFL,5,6,6,17,public,no,Research note arguing observational NFL data confounds analysis (e.g. fourth-down strategy) and synthesizing the tracking-data special issue.
curated,2019 Rao-Blackwellizing field goal percentage - dalygrafstein_jqas_2019.pdf,Rao-Blackwellizing field goal percentage,2019,NBA,7,6,3,16,proprietary,no,"Uses shot-trajectory (entry angle, depth, left-right) to build a variance-reduced Rao-Blackwellized FG% estimator that stabilizes early-season."
curated,2019 Relative age effects in American professional football - Jack F. Heneghan and Michael C. Herron.pdf,Relative age effects in American professional football,2019,NFL,5,4,7,16,public,no,"Finds birth-month relative age effects among 18,898 football players but no draft selection inefficiency, unlike hockey."
curated,2019 Using Deep Learning to Understand Patterns of Player Movement in the NBA.pdf,Using Deep Learning to Understand Patterns of Player Movement in the NBA,2019,NBA,7,6,3,16,proprietary,no,Unsupervised deep trajectory embeddings from SportVU enable a Similar Possessions Finder querying millions of offensive player movements.
curated,"2019 Using In-Game Shot Trajectories to Better Understand Defensive Impact in the NBA - Daly Grafstein, Bornn.pdf",Using In-Game Shot Trajectories to Better Understand Defensive Impact in the NBA,2019,NBA,7,6,3,16,proprietary,no,Analyzes 50k+ shot trajectories to explain why contested jumpers miss and build more stable perimeter-defender and shooter-resilience metrics.
curated,2019 Using In-Game Shot Trajectories to Better Understand Defensive Impact in the NBA.pdf,Using In-Game Shot Trajectories to Better Understand Defensive Impact in the NBA,2019,NBA,7,6,3,16,proprietary,no,Duplicate of Daly-Grafstein & Bornn: shot-trajectory analysis of contested shots to build stable perimeter-defense metrics.
curated,2020 A No-Tanking Draft Allocation Policy.pdf,A No-Tanking Draft Allocation Policy,2020,NBA,7,6,8,21,public,yes,"Mechanism-design draft-allocation policy that removes tanking incentives while still favoring weak teams, applied to NBA."
curated,"2020 A football player rating system - Stephan Wolf, Maximilian Schmitt and Bjorn Schuller.pdf",A football player rating system,2020,soccer,5,6,6,17,public,no,"Extends the Elo algorithm to team-sport soccer to rate 12,400 players from match reports across 16 leagues, needing only the report."
curated,2020 Baller2vec.pdf,baller2vec: A Multi-Entity Transformer for Multi-Agent Spatiotemporal Modeling,2020,NBA,8,5,6,19,mixed,yes,"Multi-entity Transformer jointly forecasts all players' and the ball's trajectories, learning player embeddings without imposing agent ordering."
curated,2020 Continuous-time state-space modelling of the hot hand in basketball.pdf,Continuous-time state-space modelling of the hot hand in basketball,2020,NBA,6,4,7,17,public,no,Ornstein-Uhlenbeck continuous-time state-space model on 110k free throws finds small but real hot-hand serial dependence.
curated,"2020 Dynamically scheduling NFL games to reduce strength of schedule variability - Elizabeth L. Bouzarth, Andrew W. Cromer, William J. Fravel, Benjamin C. Grannan and Kevin R. Hutson.pdf",Dynamically scheduling NFL games to reduce strength of schedule variability,2020,NFL,5,5,6,16,public,no,Optimization approach that dynamically schedules some NFL games to reduce strength-of-schedule variability and improve fairness.
curated,2020 Extracting Player Tracking Data from Video Using Non-Stationary Cameras and a Combination of Computer Vision Techniques.pdf,Extracting Player Tracking Data from Video Using Non-Stationary Cameras and Computer Vision Techniques,2020,basketball,7,6,4,17,mixed,no,Combines open-source pose estimation and template matching to extract player tracking from single broadcast cameras at 94.5% foot-accuracy.
curated,2020 Forecasting college football game outcomes using modern modeling techniques - Charles South and Edward Egros.pdf,Forecasting college football game outcomes using modern modeling techniques,2020,college football,4,6,6,16,public,no,"Bakeoff of ML methods (lasso, GBM, RF, NN, Bayesian) for CFB win prediction; lasso most accurate at ~70% on 2015 test data."
curated,2020 Harris-SwingShiftCompressed.pdf,Swing Shift: A Mathematical Approach to Defensive Positioning in Baseball,2020,MLB,6,7,5,18,public,no,"Optimizes full-field fielder positioning per batter, showing a three-infielder alignment lowers predicted BABIP by ~6-10%."
curated,2020 Identifying group contributions in NBA lineups with spectral analysis - Stephen Devlin and David Uminsky.pdf,Identifying group contributions in NBA lineups with spectral analysis,2020,NBA,7,6,6,19,public,no,Uses spectral analysis/representation theory to orthogonally decompose team success into pure contributions of player groups by size.
curated,2020 Learning Feature Representations from Football Tracking.pdf,Learning Feature Representations from Football Tracking,2020,soccer,6,5,3,14,proprietary,no,"Neural framework learns representations from raw tracking trajectories, handling variable duration and player-ordering without hand features."
curated,2020 Modeling Player and Team Performance in Basketball.pdf,Modeling Player and Team Performance in Basketball,2020,NBA/basketball,4,6,5,15,mixed,no,"Review of basketball analytics methods for team strategy and player evaluation, shot modeling, production curves, calling for causal inference."
curated,"2020 Nuclear penalized multiomial regression with an application to prediction at bat outcomes in baseball - Powers, Tibshirani, Hastie.pdf",Nuclear penalized multinomial regression with an application to predicting at bat outcomes in baseball,2017,MLB,8,6,6,20,public,unknown,Novel nuclear-norm penalty for multinomial regression predicting plate-appearance outcome probabilities from batter-pitcher matchups.
curated,"2020 Predicting plays in the National Football League - Craig Joash Fernandes, Ronen Yakubov, Yuze Li, Amrit Kumar Prasad and Timothy C.Y. Chan.pdf",Predicting plays in the National Football League,2020,NFL,4,7,7,18,public,no,"Interpretable decision-tree models predict pass vs rush, memorizable for in-game sideline use, plus team-specific trees."
curated,"2020 The Hot Hand and Its Effect on the NBA - Brian McNair,Eric Margolin, Michael Law, Ya'acov Ritov.pdf",The Hot Hand and Its Effect on the NBA,2020,NBA,4,3,6,13,public,unknown,"Revisits hot-hand with modern NBA data; finds no game-play effect, weak free-throw evidence, behavioral changes."
curated,"2020 The Hot Hand in Actual Game Situations - KPelechrinis, Wayne Winston .pdf",The Hot Hand in Actual Game Situations,2020,NBA,5,3,4,12,proprietary,unknown,Permutation test with shot-difficulty model examines hot hand in live NBA games controlling for shot quality.
curated,2020 The year-two effect - Evidence and antecedents for second season success in NCAA division I football - N. David Pifer and Matt R. Huml.pdf,The year-two effect: Evidence and antecedents for second season success in NCAA Division I football,2020,NCAA Football,4,5,6,15,public,no,"Fixed-effects panel regression tests the media 'year-two effect' for new coaches; finds support, especially post-firing."
curated,"2020 Unsupervised Methods for Identifying Pass Coverage Among Defensive Backs with NFL Player Tracking Data - Dutta, Yurko, Ventura.pdf",Unsupervised Methods for Identifying Pass Coverage Among Defensive Backs with NFL Player Tracking Data,2020,NFL,7,7,6,20,public,unknown,Unsupervised mixture models label cornerback man vs zone coverage from NFL tracking with no training labels.
curated,"2021 Application of PageRank Algorithm to Division I NCAA men's basketball as bracket formation and outcome predictive utility - Nicole R. Matthews, Andrew McClain, Chase M.L. Smith and Adam G. Tennant.pdf",Application of PageRank Algorithm to Division I NCAA men's basketball,2021,NCAA Basketball,3,4,6,13,public,no,Applies PageRank to season game graph for tournament team selection and bracket prediction.
curated,"2021 Classification of all-rounders in limited over cricket - a machine learning approach - Ananda B. W. Manage, Ram C. Kafle and Danush K. Wijekularathna.pdf",Classification of all-rounders in limited over cricket - a machine learning approach,2020,Cricket,3,5,6,14,public,no,Compares six classifiers to categorize cricket all-rounders as batting vs bowling from performance stats.
curated,2021 College Basketball Rating (CBR) - A new body-of-work metric for NCAA tournament selection - Justin Stocks-Smith.pdf,College Basketball Rating (CBR): A new body-of-work metric for NCAA tournament selection,2021,NCAA Basketball,4,6,7,17,public,no,Transparent box-score logistic 'game score' metric compares team resumes for NCAA at-large selection.
curated,"2021 Evaluating one-shot tournament predictions - Claus Thorn Ekstrøm, Hans Van Eetvelde, Christophe Ley and Ulf Brefeld.pdf",Evaluating one-shot tournament predictions,2021,Multi (soccer),7,5,8,20,public,yes,Introduces Tournament Rank Probability Score for evaluating pre-tournament predictions plus ensemble weighting.
curated,"2021 Home sweet home - Quantifying home court advantages for NCAA basketball statistics - Matthew van Bommel, Luke Bornn, Peter Chow-White and Chuancong Gao.pdf",Home sweet home: Quantifying home court advantages for NCAA basketball statistics,2021,NCAA Basketball,5,4,6,15,public,unknown,"Uses neutral-site games across 100k+ NCAA games to quantify home-court box-score, scorekeeper and referee biases."
curated,2021 Predicting NBA Talent from Enormous Amounts of College Basketball Tracking Data.pdf,Predicting NBA Talent from Enormous Amounts of College Basketball Tracking Data,2021,NBA/NCAA Basketball,8,8,2,18,proprietary,no,Stats Perform generates college tracking from broadcast video at scale to predict NBA draft-prospect potential.
curated,2022 Using Hex Maps to Classify  Cluster Dribble Hand-off Variants in the NBA 2.pdf,Using Hex Maps to Classify & Cluster Dribble Hand-off Variants in the NBA,2022,NBA,6,5,3,14,proprietary,no,Pipeline detects and clusters dribble hand-off variants using hexbin trajectory encodings on player tracking data.
curated,2023 Analytics have some humility a statistical view of fourth-down decision making - Brill.pdf,"Analytics, have some humility: a statistical view of fourth-down decision making",2023,NFL,8,7,8,23,public,yes,Catalytic-prior tree ML framework corrects selection bias/overfitting in EP/WP; fewer fourth downs are obvious.
curated,"2023 Machine learning for sports betting should forecasting models be optimised for accuracy or calibration - Walsh, Joshi.pdf",Machine learning for sports betting: should forecasting models be optimised for accuracy or calibration?,2023,NBA,6,8,6,20,public,unknown,"Shows optimizing NBA forecasting models for calibration, not accuracy, yields far greater betting ROI."
curated,2024 Approaching In-Venue Quality Tracking from Broadcast Video using Generative AI.pdf,Approaching In-Venue Quality Tracking from Broadcast Video using Generative AI,2024,Soccer,8,7,2,17,proprietary,no,Generative AI imputes occluded players to lift broadcast soccer tracking toward in-venue completeness.
curated,"2024 Estimating NBA Team Shot Selection Efficiency from Aggregations of True, Continuous Shot Charts - A Generalized Additive Model Approach.pdf","Estimating NBA Team Shot Selection Efficiency from Aggregations of True, Continuous Shot Charts: A GAM Approach",2024,NBA,6,6,8,20,public,yes,GAM continuous shot charts incorporate shot-pursuant free throws for true point-yield shot selection efficiency.
curated,2024 Estimating NBA Team Shot Selection Efficiency from Aggregations of....pdf,"Estimating NBA Team Shot Selection Efficiency from Aggregations of True, Continuous Shot Charts: A GAM Approach (duplicate)",2024,NBA,6,6,8,20,public,yes,Duplicate of #140: GAM continuous 'true' shot charts accounting for free-throw yield to assess shot efficiency.
curated,2024 Feeling the Pressure - A Unified Framework for Automating Pass Rushing Statistics in NFL Games.pdf,Feeling the Pressure: A Unified Framework for Automating Pass Rushing Statistics in NFL Games,2024,NFL,7,7,4,18,mixed,no,GNN/AutoGluon framework identifies blocker-rusher matchups and estimates continuous pass-rush pressure scores.
curated,2024 How to Predict the Performance of NBA Draft Prospects.pdf,How to Predict the Performance of NBA Draft Prospects,2024,NBA,6,7,5,18,public,no,Relevance-based (Mahalanobis) prediction forecasts rookie VORP/minutes with per-prediction reliability measure.
curated,2024 Player Pressure Map - A Novel Representation of Pressure in Soccer.pdf,Player Pressure Map: A Novel Representation of Pressure in Soccer,2024,Soccer,7,6,3,16,proprietary,no,Graph pressure map with 3D body-pose fed to a GNN predicts possession loss as a pressure measure.
curated,2024 Using Tracking Data to Build Offensive Line Development Tools.pdf,Using Tracking Data to Build Offensive Line Development Tools,2024,NFL,6,7,5,18,mixed,no,Functional clustering of O-line pass-set paths from tracking builds stable player development/evaluation tools.
curated,CRICTRS - Embedding Based Statistical and Semi-Supervised Cricket Team Recommendation System.pdf,CRICTRS: Embeddings Based Statistical and Semi-Supervised Cricket Team Recommendation System,2020,Cricket,5,6,6,17,public,unknown,Opposition-adjusted player quality index builds embeddings for a semi-supervised cricket team recommender.
curated,Estimating locomotor demands during team play from broadcast-derived tracking data.pdf,Estimating locomotor demands during team play from broadcast-derived tracking data,2020,Soccer,7,6,3,16,proprietary,unknown,Models predict off-screen external load metrics so broadcast-derived soccer tracking can estimate locomotor demands.
curated,Evaluating NFL Plays - Expected Points Adjusted for Schedule - Pelechrinis_Kosta_mlsa18.pdf,Evaluating NFL plays: Expected points adjusted for schedule,2018,NFL,6,6,6,18,public,no,"Optimization framework adjusts expected-points play values for opponent offensive/defensive strength, including special teams."
curated,Factorized Point Process Intensities - A Spatial Analysis of Professional Basketball.pdf,Factorized Point Process Intensities: A Spatial Analysis of Professional Basketball,2014,NBA,8,6,6,20,public,unknown,Foundational NMF of Poisson-process shot intensity surfaces yields interpretable low-rank NBA player shooting types.
curated,Foul Accumulation in the NBA.pdf,Foul Accumulation in the NBA,2020,NBA,5,5,6,16,public,unknown,"SFU MSc thesis (Chu, supervisor Swartz) analyzing foul accumulation and its effect on NBA player usage/substitution."
curated,Going Deep - Models for Continuous Time Within Play Valuation of Game Outcomes in American Football with Tracking Data.pdf,Going Deep: Models for Continuous-Time Within-Play Valuation of Game Outcomes in American Football with Tracking Data,2019,NFL,8,7,4,19,mixed,unknown,Modular LSTM ball-carrier model enables continuous-time within-play EP/WP valuation from NFL tracking data.
curated,Identifying group contributions in NBA lineups with spectral analysis.pdf,Identifying group contributions in NBA lineups with spectral analysis,2020,NBA,7,5,6,18,public,unknown,"Spectral (algebraic signal processing) decomposition isolates pure individual, pair, triple lineup contributions to success."
curated,Interception The Secrets Of Modern Sports Betting.pdf,Interception: The Secrets of Modern Sports Betting,,Multi (betting),4,7,2,13,none,no,Popular trade book explaining modern sports betting market dynamics and edge-finding for bettors.
curated,Lan2020_Article_Semi-onlineMulti-peopleTrackin.pdf,Semi-online Multi-people Tracking by Re-identification,2020,N/A (computer vision),7,4,5,16,public,unknown,MRF-based semi-online multi-people tracker casts tracking as re-identification; strong on MOT benchmarks.
curated,Measuring Spatial Allocative Efficiency in Basketball.pdf,Measuring Spatial Allocative Efficiency in Basketball,2020,NBA,8,7,6,21,public,unknown,Bayesian hierarchical spatial FG% model detects lineup shot-allocation inefficiency relative to teammates by court region.
curated,Model Trees for Identifying Exceptional Players in the NHL Draft.pdf,Model Trees for Identifying Exceptional Players in the NHL Draft,2018,NHL,7,6,6,19,public,no,"Logistic-regression model trees rank NHL draft prospects from public junior-league data, blending regression and cohort approaches interpretably."
curated,"Modeling Player and Team Performance in Basketball - Terner, Franks.pdf",Modeling Player and Team Performance in Basketball,2020,NBA/basketball,4,6,6,16,mixed,no,"Review surveying statistical methods for basketball team/player evaluation, shot modeling, and production curves; calls for causal inference."
curated,Player Availability Rating (PAR) - A Tool for Quantifying Skater Performance for NHL General Managers.pdf,Player Availability Rating (PAR): Quantifying Skater Performance for NHL GMs,2018,NHL,4,5,6,15,public,no,"Regression/neural-net predicts skater points-per-game, then an ad-hoc PAR formula flags trade-available underperformers for GMs."
curated,Positional Value in Soccer Expected League Points Added above Replacement.pdf,Positional Value in Soccer: Expected League Points Added above Replacement,2018,Soccer,7,7,6,20,public,no,"Skellam regression on FIFA ratings across 20k games yields eLPAR positional value, showing defenders undervalued by market."
curated,Predicting play calls in the National Football League using hidden Markov models.pdf,Predicting Play Calls in the NFL Using Hidden Markov Models,2020,NFL,6,6,7,19,public,no,"HMM on Kaggle play-by-play predicts run/pass with 71.5% accuracy, beating prior play-call studies by modeling time-series structure."
curated,Projection Predictive Inference for Generalized Linear and Additive Multilevel Models.pdf,Projection Predictive Inference for Generalized Linear and Additive Multilevel Models,2020,none/general,7,3,8,18,none,yes,Bayesian methodology paper extending projection-predictive variable selection to GLMMs/GAMMs; not sports research.
curated,Random Walk Picture of Basketball Scoring.pdf,Random Walk Picture of Basketball Scoring,2012,NBA/basketball,7,3,7,17,public,no,"Models NBA scoring as anti-persistent continuous-time random walk, reproducing lead changes, score-difference, and win/loss distributions."
curated,Rao-Blackwellizing Field Goal Percentage.pdf,Rao-Blackwellizing Field Goal Percentage,2018,NBA/basketball,7,6,3,16,proprietary,no,"Conditions shot-make probability on optical trajectory (entry angle, depth, accuracy) to produce lower-variance RB-FG% via Rao-Blackwell."
curated,Route Identification in the National Football League.pdf,Route Identification in the National Football League,2019,NFL,7,7,7,21,public,no,Model-based curve clustering with Bezier bases and EM labels NFL receiver routes from Big Data Bowl tracking data.
curated,SEAM methodology for context-rich player matchup evaluations.pdf,SEAM: Synthetic Estimated Average Matchup for Player Matchups,2020,MLB,7,7,7,21,public,yes,Estimates batter-vs-pitcher spray-chart distributions with synthetic players to fix small samples; ships public Shiny app.
curated,TR_2008_07.pdf,Introduction to Sabermetrics: Predicting Wins and Championships,2008,MLB,3,4,6,13,public,no,Undergraduate sabermetrics report using linear/nonlinear regression and simulation to predict MLB wins and championships.
curated,The_Logic_Of_Sports_Betting.pdf,The Logic of Sports Betting,2019,multi/betting,5,8,2,15,none,no,"Practitioner book explaining how sports-betting markets work: lines, closing value, middling, arbitrage, and bettor edge."
curated,Track Anything - Segment Anything Meets Videos.pdf,Track Anything: Segment Anything Meets Videos,2023,none/general,7,5,8,20,public,yes,Interactive video object tracking/segmentation combining SAM and XMem; a general CV tool adaptable to sports video.
curated,[15590410 - Journal of Quantitative Analysis in Sports] A generative model for predicting outcomes in college basketball.pdf,A Generative Model for Predicting Outcomes in College Basketball,2015,NCAA basketball,7,6,6,19,public,no,"Poisson-factorization soccer-style model with conference/team attack-defense vectors predicts NCAA tournament, beating betting houses via Kelly."
curated,[15590410 - Journal of Quantitative Analysis in Sports] An analytical approach for fantasy football draft and lineup management.pdf,An Analytical Approach for Fantasy Football Draft and Lineup Management,2016,NFL/fantasy,6,7,5,18,public,no,"Mixed-integer optimization for full-season fantasy football draft plus weekly lineup, paired with opponent-context player projections."
curated,[15590410 - Journal of Quantitative Analysis in Sports] Decomposing Pythagoras.pdf,Decomposing Pythagoras,2017,multi (MLB/NBA/NFL/NHL),7,4,8,19,public,no,Derives exact team win-percentage model and decomposes Pythagorean exponent into points-per-game and margin-of-victory across sports.
curated,[15590410 - Journal of Quantitative Analysis in Sports] Estimating an NBA player's impact on his team's chances of winning.pdf,Estimating an NBA Player's Impact on His Team's Chances of Winning,2016,NBA,7,7,6,20,public,no,Bayesian regularized regression on win-probability changes per shift yields context-aware adjusted plus-minus player rankings.
curated,[15590410 - Journal of Quantitative Analysis in Sports] Identifying NCAA tournament upsets using Balance Optimization Subset Selection.pdf,Identifying NCAA Tournament Upsets Using Balance Optimization Subset Selection,2017,NCAA basketball,6,6,7,19,public,no,"BOSS matches current first-round games to historical upset profiles using few public stats, doubling random-selection upset accuracy."
curated,[15590410 - Journal of Quantitative Analysis in Sports] Meta-analytics_ tools for understanding the statistical properties of sports metrics.pdf,Meta-analytics: Tools for Understanding the Statistical Properties of Sports Metrics,2016,NBA/NHL,8,6,6,20,mixed,no,"Introduces discrimination/stability/independence meta-metrics to evaluate which player metrics carry reliable, unique signal."
curated,[15590410 - Journal of Quantitative Analysis in Sports] Modified Kelly criteria.pdf,Modified Kelly Criteria,2018,multi/betting,6,7,8,21,none,yes,"Decision-theoretic modification of Kelly betting fraction accounting for uncertainty in win probability; yields smaller, principled bets."
curated,[15590410 - Journal of Quantitative Analysis in Sports] The implied volatility of a sports game.pdf,The Implied Volatility of a Sports Game,2015,multi/betting,7,6,7,20,public,no,"Extends Stern's Brownian-motion score model to back out market-implied game volatility from spread and moneyline, identifying bets."
curated,"nflWAR- A Reproducible Method for Offensive Player Evaluation in Football (Extended Edition) - Ron Yurko, Sam Ventura, Maksim Horowitz.pdf",nflWAR: A Reproducible Method for Offensive Player Evaluation in Football,2018,NFL,8,8,9,25,public,yes,"Foundational open NFL framework: nflscrapR data, multinomial EP, GAM win probability, and multilevel WAR for offensive players."
curated,Soccer/2012 Multi-Agent Team Behavior from Partial Team Tracings.pdf,Characterizing Multi-Agent Team Behavior from Partial Team Tracings (EPL),2012,Soccer,7,5,3,15,proprietary,no,Represents EPL team behavior as ball-movement play-segments and entropy maps to characterize tactical predictability without a plan library.
curated,Soccer/2015 Improving Shot Prediction in Soccer.pdf,Quality vs Quantity: Improved Shot Prediction in Soccer Using Strategic Features,2015,Soccer,7,7,2,16,proprietary,no,"CRF on ten-second pre-shot tracking windows with strategic features (defender proximity, game phase) estimates shot quality across ~10k shots."
curated,Soccer/2016 Optimal Defensive Disruption Soccer.pdf,The Pressing Game: Optimal Defensive Disruption in Soccer,2016,Soccer,7,6,3,16,proprietary,no,Spatial GLM with Gaussian process yields team-specific disruption/control surfaces distinguishing pressing styles from EPL event data.
curated,Soccer/2017 Passing Behavior Flow Motifs.pdf,Flow Motifs in Soccer: What Can Passing Behavior Tell Us?,2017,Soccer,7,6,3,16,proprietary,no,Passing-network flow motifs plus coordinate xG characterize player/team styles across six leagues to inform transfers and tactics.
curated,Pythagorean Win Expectancy and Weibull/VictorLuo steven miller understudy.pdf,Relieving and Readjusting Pythagoras: Improving the Pythagorean Formula,2014,MLB,5,4,7,16,public,yes,Undergraduate thesis adjusting Pythagorean expectation for ballpark/game-state and testing linear combinations of Weibulls for run production.
curated,Pythagorean Win Expectancy and Weibull/pyth win steven j miller 2.pdf,A Derivation of the Pythagorean Won-Loss Formula in Baseball,2006,MLB,8,4,8,20,public,no,Foundational theoretical derivation of the Pythagorean formula by modeling runs scored/allowed as independent Weibull random variables.
curated,Pythagorean Win Expectancy and Weibull/pyth win steven j miller.pdf,A Derivation of the Pythagorean Won-Loss Formula in Baseball,2006,MLB,8,4,8,20,public,no,"Foundational Weibull-based derivation of Bill James' Pythagorean formula, recovering gamma near 1.79 from the 2004 AL season."
curated,Pythagorean Win Expectancy and Weibull/pyth win utility morey model UL.pdf,Testing the Utility of the Pythagorean Expectation Formula on Division One College Football,2013,NCAA football,4,5,7,16,public,no,Applies original Pythagorean exponent-2 vs Morey's 2.37 to 2005-2011 Division I football via residual analysis for coaching decisions.
curated,Pythagorean Win Expectancy and Weibull/weibull handbook.pdf,The New Weibull Handbook (Abernethy),,none,3,2,5,10,none,no,"General reliability-engineering reference on Weibull/life-data failure analysis; not sports research, included only as Weibull background."
randoms,randoms/A_Decade_of_Euroleague_Basketball_an_Ana.pdf,A Decade of Euroleague Basketball,2013,basketball,5,5,6,16,public,,Box-score trends across 10 Euroleague seasons and effects of FIBA rule changes.
randoms,randoms/A_Journey_Across_Football_Modelling_with.pdf,A Journey Across Football Modelling with Application to Algorithmic Trading,2016,soccer,6,6,4,16,mixed,,PhD thesis on soccer match modelling applied to betting/algorithmic trading.
randoms,randoms/A_Review_of_Data_Mining_Techniques_for_R.pdf,A Review of Data Mining Techniques for Result Prediction in Sports,,general,3,3,4,10,none,,Survey of data-mining methods for sports result prediction.
randoms,randoms/Adjusted_Plus_Minus_for_NHL_Players_usin.pdf,Adjusted Plus-Minus for NHL Players using Ridge Regression,2012,hockey,7,7,6,20,public,,Ridge-regression adjusted plus-minus for NHL using shot-based metrics to shrink error bounds.
randoms,randoms/An_Analysis_of_Defensive_Strategies_Used.pdf,An Analysis of Defensive Strategies Used by Home and Away Basketball Teams,2010,basketball,4,4,4,12,proprietary,,Observational study of home/away defensive strategy in 10 Spanish-league games.
randoms,randoms/An_Analysis_of_Factors_Contributing_to_W.pdf,An Analysis of Factors Contributing to Wins in the NHL,2014,hockey,5,6,6,17,public,,Discriminant and logistic models identifying NHL playoff and game-win predictors.
randoms,randoms/An_Improved_Adjusted_Plus_Minus_Statisti (1).pdf,An Improved Adjusted Plus-Minus Statistic for NHL Players,2011,hockey,7,7,6,20,public,,"WLS adjusted plus-minus adding power-play, shorthanded, and faceoff-zone effects."
randoms,randoms/Appliance_of_Neural_Networks_in_Basketba.pdf,Appliance of Neural Networks in Basketball Scouting,2010,basketball,4,4,4,12,proprietary,,Feedforward neural nets on five Serbian-league seasons for basketball scouting.
randoms,randoms/Application_of_Machine_Learning_Algorith.pdf,Application of ML Algorithms for Classification of Football Problems,,soccer,4,4,5,13,public,,Compares KNN/SVM/DT/LR to predict both-teams-score in Portuguese Liga NOS.
randoms,randoms/Archetypoid_Analysis_for_Sports_Analytic.pdf,Archetypoid Analysis for Sports Analytics,,multi,7,5,5,17,public,,Extends archetypoid analysis to sparse functional and asymmetric sports data for player profiling.
randoms,randoms/Artificial_Intelligence_in_Sports_Predic.pdf,Artificial Intelligence in Sports Prediction,,multi,4,5,4,13,public,,"Multi-layer perceptron predicting match outcomes, benchmarked against human tipsters."
randoms,randoms/Assessing_the_Burdens_of_Leadership_Effe.pdf,Assessing the Burdens of Leadership,2004,hockey,5,3,5,13,public,,Growth modeling of NHL captaincy's effect on player performance over time.
randoms,randoms/Attacking_game_patterns_in_Soccer_A_sequ.pdf,Attacking Game-Patterns in Soccer: 2010 World Cup Winner,2011,soccer,4,4,3,11,proprietary,,Sequential analysis of Spain's attacking patterns at 2010 World Cup.
randoms,randoms/Automated_Assistants_for_Analyzing_Team.pdf,Automated Assistants for Analyzing Team Behaviors,,general,6,4,4,14,none,,Multi-agent teamwork analysis tools using RoboCup soccer as testbed.
randoms,randoms/B04124012020.pdf,An Improved Prediction System for Football Match Result,2014,soccer,3,4,4,11,public,,KDD-based football match predictor using nine outcome-affecting features.
randoms,randoms/Ball_possession_effectiveness_in_mens_an.pdf,Ball Possession Effectiveness in Men's and Women's Elite Basketball,2013,basketball,4,5,5,14,proprietary,,Possession-effectiveness differences by sex and situational variables.
randoms,randoms/Basketball_Teams_as_Strategic_Networks.pdf,Basketball Teams as Strategic Networks,2012,basketball,7,5,6,18,public,,"Network analysis of NBA playoff ball movement using centrality, entropy, flow metrics."
randoms,randoms/Beliefs_about_the_hot_hand_in_basketball.pdf,Beliefs About the Hot Hand in Basketball Across the Adult Life Span,,basketball,4,2,4,10,none,,Psychology study of how age affects belief in the basketball hot hand.
randoms,randoms/Brief_exploration_of_short_and_mid_term.pdf,Short and Mid-Term Timeout Effects on Basketball Scoring,2013,basketball,5,6,5,16,public,,Analyzes timeout effects on subsequent scoring by situational variables.
randoms,randoms/CHARACTERIZING_THE_SPATIAL_STRUCTURE_OF.pdf,Characterizing the Spatial Structure of Defensive Skill in Professional Basketball,2015,basketball,9,7,4,20,proprietary,,"Landmark spatial model of NBA defense from optical tracking; counterpoints, shot suppression."
randoms,randoms/Conway_S_and_Ouellette_M_2019_Playing_it.pdf,Playing It Cool? McLuhan's Hot and Cool Media Applied to Digital Games,2019,none,3,1,2,6,none,,Media-theory essay applying McLuhan to video games; not sports analytics.
randoms,randoms/Cricket_Analytics_and_Predictor.pdf,Cricket Analytics and Predictor,,cricket,2,3,3,8,public,,Undergraduate student project building a cricket analytics/prediction app.
randoms,randoms/DRAFTING_AGENT_BASED_MODELING_INTO_BASKE.pdf,Drafting Agent-Based Modeling into Basketball Analytics,2019,basketball,6,4,4,14,public,,Agent-based simulation of NBA games testing hot-hand and franchise-player beliefs.
randoms,randoms/Data_Mining_in_Elite_Sports_A_Review_and.pdf,Data Analysis and Mining Demands in Elite Sports,,general,3,3,3,9,none,,Review of data-analysis and mining demands in elite sport.
randoms,randoms/Data_Mining_in_Sports_A_Research_Overvie.pdf,Data Mining in Sports: A Research Overview,2006,general,3,3,3,9,none,,Masters-project survey overview of sports data mining.
randoms,randoms/Depth_of_Player_Rotation_on_Game_Perform.pdf,Depth of Player Rotation on Game Performance in NCAA Men's Basketball,,basketball,5,6,6,17,public,,"Rotation depth's effect on winning across 7,154 NCAA D-I team performances."
randoms,randoms/Detecting_and_classifying_moments_in_bas.pdf,Detecting and Classifying Moments in Basketball Matches,,basketball,6,5,4,15,proprietary,,Tracking-data method to detect and classify basketball game moments.
randoms,randoms/Effect_of_Defensive_Pressure_on_Movement.pdf,Effect of Defensive Pressure on Movement Behaviour During an Under-18 Game,2014,basketball,5,4,4,13,proprietary,,Dynamical-systems study of defensive pressure on team centroid/movement.
randoms,randoms/Effects_of_game_location_and_final_outco.pdf,Effects of Game Location and Final Outcome on Zonal Football Statistics,2012,soccer,4,4,4,12,proprietary,,Home/away and outcome effects on soccer stats by pitch zone.
randoms,randoms/Effects_of_season_period_team_quality_an.pdf,"Effects of Season Period, Team Quality, and Playing Time on Player Stats",2010,basketball,4,5,5,14,public,,"How season period, team quality, and minutes affect player box-score stats."
randoms,randoms/English_Slovak_basketball_dictionary.pdf,English-Slovak Basketball Dictionary,2005,basketball,1,1,1,3,none,,Bilingual basketball terminology dictionary; not research.
randoms,randoms/Estimation_of_NBA_players_offense_defens.pdf,Estimation of NBA Players' Offense/Defense Ratings through Shrinkage,2014,basketball,6,6,6,18,public,,Honors thesis applying shrinkage estimation to NBA player offense/defense ratings.
randoms,randoms/Evaluating_NHL_Goalies_Skaters_and_Teams.pdf,"Evaluating NHL Goalies, Skaters, and Teams Using Weighted Shots",,hockey,7,7,6,20,public,,Logistic shot-quality model yielding weighted-shots metric and adjusted plus-minus for NHL.
randoms,randoms/Explanations_for_the_United_States_of_Am.pdf,Explanations for USA's Basketball Dominance at Beijing 2008,2010,basketball,3,3,4,10,public,,Descriptive analysis of why USA dominated 2008 Olympic basketball.
randoms,randoms/Exploiting_Early_Intent_Recognition_for.pdf,Exploiting Early Intent Recognition for Competitive Advantage,,football,7,4,4,15,none,,SVMs recognize football plays early in Rush 2008 simulator to switch offensive plays.
randoms,randoms/Exploring_collective_spatial_distributio.pdf,Exploring Collective Spatial Distribution in Basketball,2015,basketball,4,3,3,10,proprietary,,Small study of collective spatial distribution dynamics in basketball.
randoms,randoms/FILTERING_PROCEDURES_FOR_SENSOR_DATA_IN.pdf,Filtering Procedures for Sensor Data in Basketball,2017,basketball,6,6,4,16,proprietary,,Algorithm to clean player-trajectory sensor data and label offensive/defensive actions.
randoms,randoms/Fighting_as_a_Profit_Maximizing_Strategy.pdf,Fighting as a Profit-Maximizing Strategy: the AHL,,hockey,5,4,5,14,public,,Sports-economics analysis of whether AHL fighting boosts attendance and profit.
randoms,randoms/Forecasting_basketball_players_performan.pdf,Forecasting Basketball Players' Performance Using Sparse Functional Data,,basketball,7,5,5,17,public,,Sparse functional-data and archetypoid methods to forecast player performance with intervals.
randoms,randoms/From_Players_to_Teams_Towards_a_Multi_Le.pdf,From Players to Teams: Multi-Level Game Constraints in Team Sports,2014,general,4,3,3,10,none,,Conceptual multi-level framework for game constraints in team sports.
randoms,randoms/Game_Location_Influences_Basketball_Play.pdf,Game Location Influences Basketball Players' Performance by Position,,basketball,4,4,5,13,public,,Home-advantage effects on player box-score stats by position.
randoms,randoms/Gaze_Behaviours_of_Elite_Ice_Hockey_Play.pdf,Gaze Behaviours of Elite Ice Hockey Players: A Pilot Study,2001,hockey,4,3,3,10,proprietary,,Pilot eye-tracking study of expert hockey players' gaze during tactical plays.
randoms,randoms/Gaze_characteristics_of_elite_and_near_e.pdf,Gaze Characteristics of Elite and Near-Elite Hockey Players,2004,hockey,4,3,3,10,proprietary,,Vision-in-action gaze comparison of elite vs near-elite hockey players.
randoms,randoms/Hitting_Is_Contagious_in_Baseball_Evidence.pdf,Hitting Is Contagious in Baseball,,baseball,5,3,6,14,public,,Bootstrap analysis of whether a hot hitter lifts teammates during hitting streaks.
randoms,randoms/Identifying_basketball_performance_indic.pdf,Identifying Basketball Performance Indicators in Regular Season and Playoffs,2013,basketball,4,5,5,14,public,,Discriminant analysis of win/loss indicators across ACB regular season vs playoffs.
randoms,randoms/Knowledge_flow_from_the_top_the_importan.pdf,Knowledge Flow from the Top: Teamwork Structure in Team Sports,2014,multi,4,3,2,9,proprietary,,Qualitative case studies of coach-to-player knowledge flow in NCAA football and hockey.
randoms,randoms/Large_data_and_Bayesian_modeling_aging_c.pdf,Large Data and Bayesian Modeling: Aging Curves of NBA Players,2019,basketball,7,6,6,19,public,,Bayesian structural model extracting development/aging latent factors from NBA career data.
randoms,randoms/Latent_Structure_of_Situational_Efficien.pdf,Latent Structure of Situational Efficiency Parameters in Croatian Basketball,2012,basketball,3,3,4,10,proprietary,,Factor analysis of situational efficiency indicators in Croatian basketball.
randoms,randoms/Measuring_sport_performances_under_press.pdf,Measuring Sport Performances Under Pressure by Classification Trees,2019,basketball,6,6,5,17,mixed,,Classification trees quantifying pressure effects on basketball free-throw/shooting.
randoms,randoms/Modelling_the_dynamic_pattern_of_surface.pdf,Modelling the Dynamic Pattern of Surface Area in Basketball,2018,basketball,7,5,4,16,proprietary,,Markov-switching model of five-player surface-area dynamics and effect on scoring.
randoms,randoms/Neural_Network_Modelling_and_Dynamical_S.pdf,Neural Network Modelling and Dynamical System Theory in Football,,soccer,4,3,3,10,none,,Review of neural-network and dynamical-systems approaches to soccer player dynamics.
randoms,randoms/Opponent_modeling_and_spatial_similarity.pdf,Opponent Modeling and Spatial Similarity to Retrieve Superior Plays,,football,6,4,4,14,none,,Online opponent modeling and play retrieval in the Rush 2008 football simulator.
randoms,randoms/Overtime_Rules_and_Incentives_in_the_Nat.pdf,Overtime! Rules and Incentives in the National Hockey League,2005,hockey,6,5,6,17,public,,Sports-economics study of how NHL overtime/point rules shape team incentives.
randoms,randoms/Performance_analysis_of_game_dynamics_du.pdf,Performance Analysis of Game Dynamics During 4th Quarter of NBA Close Games,,basketball,4,5,4,13,proprietary,,Discriminates home/away play in 48 close NBA fourth quarters by tactical variables.
randoms,randoms/Predicting_college_basketball_match_outc.pdf,Predicting NCAAB Match Outcomes Using ML Techniques,2013,basketball,5,5,6,16,public,,Evaluates ML classifiers on NCAAB prediction; features matter more than models.
randoms,randoms/Predicting_run_production_and_run_preven.pdf,Predicting Run Production and Run Prevention in Baseball,2012,baseball,4,6,6,16,public,,Regression models linking sabermetric inputs to run production and prevention.
randoms,randoms/Prediction_of_athletes_performance_using.pdf,Prediction of Athletes' Performance Using Neural Networks: Cricket,,cricket,5,5,5,15,public,,Neural nets rating cricketers into performer/moderate/failure for team selection.
randoms,randoms/Predictive_Modeling_in_Sports_Leagues_An.pdf,Predictive Modeling in Sports Leagues: IPL Application,2013,cricket,5,6,5,16,public,,SAS Enterprise Miner models predicting IPL player selection for auction valuation.
randoms,randoms/Proceedings_of_the_Third_Annual_Great_La.pdf,Proceedings of the Third Annual Great Lakes Analytics in Sports Conference,,general,2,2,1,5,none,,Conference proceedings front-matter; not a single research contribution.
randoms,randoms/Research_Methods_and_Performance_Analysi.pdf,Research Methods and Performance Analysis,,general,2,3,2,7,none,,Edited book on sport research methods and performance analysis.
randoms,randoms/Space_time_coordination_dynamics_in_bask.pdf,Space-Time Coordination Dynamics in Basketball: Part 2,2010,basketball,6,4,4,14,proprietary,,Dynamical-systems analysis of inter-team spatial coordination in basketball.
randoms,randoms/Spatio_temporal_movements_in_team_sports.pdf,Spatio-Temporal Movements in Team Sports: Motion Charts,2017,basketball,5,5,5,15,proprietary,,Motion-chart visualization approach for player spatio-temporal movement data.
randoms,randoms/Statistical_Analyses_of_Basketball_Team.pdf,Statistical Analyses of Basketball Team Performance by Possession Index,,basketball,4,5,5,14,proprietary,,Discriminates winning/losing Portuguese-league teams via possession-normalized stats.
randoms,randoms/Strategies_for_Pulling_the_Goalie_in_Hoc.pdf,Strategies for Pulling the Goalie in Hockey,,hockey,7,7,5,19,public,,"Bayesian NHL match simulator deriving improved, unused goalie-pulling strategies."
randoms,randoms/Temporal_Aspects_of_Team_Cognition_A_Cas.pdf,Temporal Aspects of Team Cognition: Basketball Case Study,2012,basketball,4,2,2,8,proprietary,,Qualitative course-of-action case study of shared understanding among five players.
randoms,randoms/The_Application_of_Machine_Learning_Tech.pdf,The Application of ML Techniques for Predicting Team Sport Results: A Review,2019,general,5,5,4,14,none,,"Widely-cited review of ML for team-sport result prediction, 1996-2019."
randoms,randoms/The_Complete_Plus_Minus_A_Case_Study_of.pdf,The Complete Plus-Minus: Columbus Blue Jackets Case Study,2013,hockey,6,6,5,17,public,,Master's thesis developing a complete plus-minus metric via NHL case study.
randoms,randoms/The_Effectiveness_of_the_Shotloc_Trainin.pdf,The Effectiveness of the Shotloc Training Tool on Free Throw Performance,2016,basketball,3,3,4,10,proprietary,,Industry-funded trial of a ShotLoc free-throw training aid on shooting technique.
randoms,randoms/The_Home_Field_Advantage_in_Athletics_A.pdf,The Home Field Advantage in Athletics: A Meta-Analysis,,multi,6,5,6,17,public,,Meta-analysis quantifying home advantage and moderators across sports.
randoms,randoms/The_Methods_and_Techniques_used_in_Diffe (2).pdf,The Methods and Techniques Used in Different Professional Sports Analytics,,general,3,4,3,10,none,,Overview of analytics methods used across professional sports.
randoms,randoms/The_harsh_rule_of_goals_data_driven_perf.pdf,The Harsh Rule of the Goals: Data-Driven Football Performance Indicators,,soccer,7,6,6,19,public,,Pass-network performance indicators shown to outperform goals for team evaluation.
randoms,randoms/The_hot_hand_phenomenon_measurement_issu.pdf,The Hot Hand Phenomenon: Measurement Issues Using Golf,2013,golf,4,2,4,10,public,,Discusses hot-hand measurement problems using golf as example.
randoms,randoms/The_latent_structure_of_standard_game_ef.pdf,The Latent Structure of Standard Game Efficiency Indicators in Basketball,,basketball,3,3,4,10,proprietary,,Principal-components analysis of 13 efficiency indicators over 134 matches.
randoms,randoms/Twenty_years_of_Hot_Hand_research_Review.pdf,Twenty Years of 'Hot Hand' Research: Review and Critique,2006,multi,5,3,4,12,none,,Systematic review and critique of two decades of hot-hand research.
randoms,randoms/Using_Machine_Learning_to_Predict_the_Ou.pdf,Using ML to Predict the Outcome of English County T20 Cricket,,cricket,6,6,5,17,public,,ML with 500+ engineered features beating a bookmaker benchmark on T20 county cricket.
randoms,randoms/Using_Twitter_to_predict_football_outcom.pdf,Using Twitter to Predict Football Outcomes,,soccer,6,5,4,15,mixed,,"Predicts Premier League results from tweets, beating chance and matching stats models."
randoms,randoms/Variations_on_multimedia_data_mining.pdf,Variations on Multimedia Data Mining (KDD Workshop),2000,none,2,2,2,6,none,,KDD multimedia-data-mining workshop proceedings; not sports-specific research.
randoms,randoms/Welcome_to_Nassau_Mausoleum_A_Case_Study.pdf,Welcome to Nassau Mausoleum: Hockey Telecasts Case Study,2015,hockey,3,1,2,6,none,,Media-framing case study of Islanders arena telecasts; not analytics.
randoms,randoms/epdf.pub_the-physics-of-basketball.pdf,The Physics of Basketball,,basketball,2,2,2,6,none,,Popular-science book on basketball physics; not research.
